"Transaction Type","Company Code","ISIN","Scrip Symbol","Scrip Name","Buy Date","Buy Quantity","Buy Rate","Sell Date","Sell Quantity","Sell Rate","Profit & Loss Amount","Available Qty","Last Traded Price","Expense Details","Stock Exchange"
"TRADING","NSE_CASH","INE028A01039","BANKBARODA","BANK OF BARODA","August, 08 2022","200","118.55","August, 08 2022","200","119","90","0","121.65","0","Stock"
"TRADING","NSE_CASH","INE028A01039","BANKBARODA","BANK OF BARODA","August, 11 2022","201","123.054228","August, 11 2022","201","123.349004","59.25","0","121.65","0","Stock"
"TRADING","NSE_CASH","INE028A01039","BANKBARODA","BANK OF BARODA","August, 16 2022","175","122.892857","August, 16 2022","175","124.321428","250","0","121.65","0","Stock"
"SHORTTERM","NSE_CASH","INE028A01039","BANKBARODA","Bank of Baroda","April, 08 2022","25","118.3","August, 11 2022","25","123.45","128.75","0","121.65","0","Stock"
"SHORTTERM","NSE_CASH","INE028A01039","BANKBARODA","BANK OF BARODA","April, 08 2022","50","118.3","August, 12 2022","50","123.55","262.5","0","121.65","0","Stock"
"TRADING","NSE_CASH","INE257A01026","BHEL","BHARAT HEAVY ELECTRICALS LTD.","August, 11 2022","100","52.7","August, 11 2022","100","52.95","25","0","53.9","0","Stock"
"SHORTTERM","NSE_CASH","INE257A01026","BHEL","BHARAT HEAVY ELECTRICALS LTD.","April, 08 2022","300","56.7","August, 10 2022","300","52.3","-1320","0","53.9","0","Stock"
"SHORTTERM","NSE_CASH","INE257A01026","BHEL","BHARAT HEAVY ELECTRICALS LTD.","April, 08 2022","100","56.7","August, 12 2022","100","53.2","-350","0","53.9","0","Stock"
"SHORTTERM","NSE_CASH","INE257A01026","BHEL","BHARAT HEAVY ELECTRICALS LTD.","April, 08 2022","100","56.7","August, 16 2022","100","53.45","-325","0","53.9","0","Stock"
"TRADING","NSE_CASH","INE257A01026","BHEL","BHARAT HEAVY ELECTRICALS LTD.","August, 08 2022","100","51.65","August, 08 2022","100","52","35","0","53.9","0","Stock"
"TRADING","NSE_CASH","INE476A01014","CANBK","CANARA BANK","August, 12 2022","100","231.05","August, 12 2022","100","233.65","260","0","232.15","0","Stock"
"TRADING","NSE_CASH","INE476A01014","CANBK","CANARA BANK","August, 10 2022","50","225.45","August, 10 2022","50","225.95","25","0","232.15","0","Stock"
"TRADING","NSE_CASH","INE476A01014","CANBK","Canara Bank","August, 11 2022","150","231.883333","August, 11 2022","150","233.066666","177.5","0","232.15","0","Stock"
"SHORTTERM","NSE_CASH","INE510A01028","ENGINERSIN","ENGINEERS INDIA LTD.","April, 08 2022","200","69.7","August, 03 2022","200","69.35","-70","0","68.2","0","Stock"
"SHORTTERM","NSE_CASH","INE510A01028","ENGINERSIN","ENGINEERS INDIA LTD.","April, 08 2022","100","69.7","August, 11 2022","100","67.4","-230","0","68.2","0","Stock"
"TRADING","NSE_CASH","INE510A01028","ENGINERSIN","ENGINEERS INDIA LTD.","August, 05 2022","800","69.0375","August, 05 2022","800","69.475","350","0","68.2","0","Stock"
"TRADING","NSE_CASH","INE510A01028","ENGINERSIN","ENGINEERS INDIA LTD.","August, 08 2022","100","67.05","August, 08 2022","100","67","-5","0","68.2","0","Stock"
"TRADING","NSE_CASH","INE510A01028","ENGINERSIN","ENGINEERS INDIA LTD.","August, 10 2022","200","67.1","August, 10 2022","200","67.575","95","0","68.2","0","Stock"
"TRADING","NSE_CASH","INE510A01028","ENGINERSIN","ENGINEERS INDIA LTD.","August, 11 2022","100","67.25","August, 11 2022","100","67.55","30","0","68.2","0","Stock"
"TRADING","NSE_CASH","INE510A01028","ENGINERSIN","ENGINEERS INDIA LTD.","August, 16 2022","100","68.15","August, 16 2022","100","68.45","30","0","68.2","0","Stock"
"SHORTTERM","NSE_CASH","INE090A01021","ICICIBANK","ICICI BANK LTD.","April, 08 2022","100","747.05","August, 03 2022","100","822.85","7580","0","879.65","0","Stock"
"SHORTTERM","NSE_CASH","INE090A01021","ICICIBANK","ICICI BANK LTD.","August, 04 2022","20","820.05","August, 12 2022","20","865.45","908","0","879.65","0","Stock"
"TRADING","NSE_CASH","INE090A01021","ICICIBANK","ICICI BANK LTD.","August, 11 2022","10","860","August, 11 2022","10","863","30","0","879.65","0","Stock"
"TRADING","NSE_CASH","INE092T01019","IDFCFIRSTB","IDFC First Bank Limited","August, 04 2022","100","42.35","August, 04 2022","100","43.35","100","0","45.1","0","Stock"
"TRADING","NSE_CASH","INE092T01019","IDFCFIRSTB","IDFC FIRST BANK LIMITED","August, 05 2022","400","43.4","August, 05 2022","400","43.55","60","0","45.1","0","Stock"
"TRADING","NSE_CASH","INE092T01019","IDFCFIRSTB","IDFC First Bank Limited","August, 10 2022","200","44.075","August, 10 2022","200","44.375","60","0","45.1","0","Stock"
"TRADING","NSE_CASH","INE092T01019","IDFCFIRSTB","IDFC FIRST BANK LIMITED","August, 11 2022","300","44.883333","August, 11 2022","300","45.233333","105","0","45.1","0","Stock"
"TRADING","NSE_CASH","INE092T01019","IDFCFIRSTB","IDFC First Bank Limited","August, 16 2022","100","45.2","August, 16 2022","100","45.55","35","0","45.1","0","Stock"
"SHORTTERM","NSE_CASH","INE092T01019","IDFCFIRSTB","IDFC First Bank Limited","April, 08 2022","400","42.45","August, 01 2022","400","42.65","80","0","45.1","0","Stock"
"SHORTTERM","NSE_CASH","INE092T01019","IDFCFIRSTB","IDFC FIRST BANK LIMITED","April, 08 2022","100","42.45","August, 02 2022","100","43.15","70","0","45.1","0","Stock"
"SHORTTERM","NSE_CASH","INE092T01019","IDFCFIRSTB","IDFC First Bank Limited","April, 08 2022","100","42.45","August, 03 2022","100","42.95","50","0","45.1","0","Stock"
"SHORTTERM","NSE_CASH","INE092T01019","IDFCFIRSTB","IDFC FIRST BANK LIMITED","April, 08 2022","100","42.45","August, 08 2022","100","43.9","145","0","45.1","0","Stock"
"TRADING","NSE_CASH","INE092T01019","IDFCFIRSTB","IDFC First Bank Limited","August, 03 2022","100","42.05","August, 03 2022","100","42.65","60","0","45.1","0","Stock"
"TRADING","NSE_CASH","INE237A01028","KOTAKBANK","KOTAK MAHINDRA BANK LTD.","August, 16 2022","10","1848","August, 16 2022","10","1860","120","0","1846.7","0","Stock"
"SHORTTERM","NSE_CASH","INE123F01029","MMTC","MMTC LTD.","April, 08 2022","200","50.9","August, 08 2022","200","39.55","-2270","0","41.25","0","Stock"
"SHORTTERM","NSE_CASH","INE123F01029","MMTC","MMTC LTD.","April, 08 2022","100","50.9","August, 12 2022","100","40.65","-1025","0","41.25","0","Stock"
"SHORTTERM","NSE_CASH","INE123F01029","MMTC","MMTC LTD.","April, 08 2022","200","50.9","August, 16 2022","200","42.225","-1735","0","41.25","0","Stock"
"TRADING","NSE_CASH","INE123F01029","MMTC","MMTC LTD.","August, 08 2022","300","39.5","August, 08 2022","300","39.55","15","0","41.25","0","Stock"
"TRADING","NSE_CASH","INE123F01029","MMTC","MMTC LTD.","August, 10 2022","300","39.6","August, 10 2022","300","39.85","75","0","41.25","0","Stock"
"TRADING","NSE_CASH","INE123F01029","MMTC","MMTC LTD.","August, 12 2022","200","40.05","August, 12 2022","200","40.35","60","0","41.25","0","Stock"
"TRADING","NSE_CASH","INE123F01029","MMTC","MMTC LTD.","August, 16 2022","300","41.516666","August, 16 2022","300","41.016666","-150","0","41.25","0","Stock"
"TRADING","NSE_CASH","INE095N01031","NBCC","NBCC LIMITED","August, 10 2022","100","34.2","August, 10 2022","100","34.45","25","0","33.2","0","Stock"
"SHORTTERM","NSE_CASH","INE095N01031","NBCC","NBCC LIMITED","April, 08 2022","300","40.85","August, 10 2022","300","34.416666","-1930","0","33.2","0","Stock"
"SHORTTERM","NSE_CASH","INE160A01022","PNB","PUNJAB NATIONAL BANK","April, 08 2022","1790","37.65","August, 01 2022","1790","32.55","-9129","0","33.55","0","Stock"
"SHORTTERM","NSE_CASH","INE160A01022","PNB","PUNJAB NATIONAL BANK","April, 08 2022","210","37.65","August, 05 2022","210","33.633333","-843.5","0","33.55","0","Stock"
"SHORTTERM","NSE_CASH","INE160A01022","PNB","PUNJAB NATIONAL BANK","July, 29 2022","90","31.45","August, 05 2022","90","33.633333","196.5","0","33.55","0","Stock"
"TRADING","NSE_CASH","INE160A01022","PNB","PUNJAB NATIONAL BANK","August, 05 2022","800","33.4625","August, 05 2022","800","33.55","70","0","33.55","0","Stock"
"TRADING","NSE_CASH","INE002A01018","RELIANCE  ","RELIANCE INDUSTRIES LTD.","July, 27 2022","23","2411","July, 27 2022","23","2419.95","205.85","0","2651.3","0","Stock"
"SHORTTERM","NSE_CASH","INE114A01011","SAIL","STEEL AUTHORITY OF INDIA LTD.","April, 08 2022","600","109.9","August, 12 2022","600","80.6335","-17559.9","0","82.7","0","Stock"
"SHORTTERM","NSE_CASH","INE114A01011","SAIL","STEEL AUTHORITY OF INDIA LTD.","April, 08 2022","100","109.9","August, 16 2022","100","82.4","-2750","0","82.7","0","Stock"
"TRADING","NSE_CASH","INE383A01012","INDIACEM","The India Cements Limited","August, 11 2022","170","193.011764","August, 11 2022","170","193.955882","160.5","0","191.95","0","Stock"
"TRADING","NSE_CASH","INE383A01012","INDIACEM","THE INDIA CEMENTS LIMITED","August, 12 2022","600","190.708333","August, 12 2022","600","192.15","865","0","191.95","0","Stock"