Segment,Symbol,Net Qty,Prev. Close (₹),Realized Profit/Loss  (₹),Unrealized Profit/Loss  (₹),Buy Qty,Buy Rate (₹),Sell Qty,Sell Rate (₹),Open Qty,Open Rate (₹)
NSE_CASH,ADANIENT,0,0,45,0,6,3280,6,3287.5,0,0
NSE_CASH,ADANIPORTS,0,0,21.75,0,2,1407,2,1417.875,0,0
NSE_CASH,ASIANPAINT,0,0,8,0,1,2901,1,2909,0,0
NSE_CASH,AXISBANK,0,0,10.1,0,1,1271,1,1281.1,0,0
NSE_CASH,BAJAJFINSV,0,0,20,0,1,1525,1,1545,0,0
NSE_CASH,BANKBARODA,0,0,9869.51,0,917,257.9053,917,268.6682,0,0
NSE_CASH,BANKBARODA,315,228.53,0,29239.1505,315,135.7073,0,0,315,42747.7995
NSE_CASH,BHEL,0,0,2603.45,0,809,263.5869,809,266.805,0,0
NSE_CASH,BHEL,3230,216.43,0,502515.648,3230,60.8524,0,0,3230,196553.252
NSE_CASH,BRITANNIA,0,0,38.25,0,7,5165.8214,7,5171.2857,0,0
NSE_CASH,CANBK,0,0,-142.46,0,889,137.7653,889,137.6051,0,0
NSE_CASH,CANBK,483,89,0,-66825.5616,483,227.3552,0,0,483,109812.5616
NSE_CASH,DIVISLAB,0,0,-33.8,0,2,4342.4,2,4325.5,0,0
NSE_CASH,DRREDDY,0,0,43.05,0,5,5891.59,5,5900.2,0,0
NSE_CASH,DWARKESH,0,0,-1514.8,0,1935,71.8711,1935,71.0882,0,0
BSE_CASH,DWARKESH,0,0,347.725,0,14,80.1625,14,105,0,0
NSE_CASH,DWARKESH,311,36.81,0,-11562.3269,311,73.9879,0,0,311,23010.2369
NSE_CASH,ENGINERSIN,0,0,19308.8125,0,3474,239.1699,3474,244.728,0,0
NSE_CASH,ENGINERSIN,1940,160.58,0,172742.062,1940,71.5377,0,0,1940,138783.138
NSE_CASH,FORCEMOT,0,0,1932.1,0,118,8958.6055,118,8974.9792,0,0
NSE_CASH,GARFIBRES,0,0,1996.4498,0,43,3821.4884,43,3867.9174,0,0
NSE_CASH,HCC,0,0,173.45,0,354,35.1045,354,35.5945,0,0
NSE_CASH,HCC,108,25.85,0,-1058.346,108,35.6495,0,0,108,3850.146
NSE_CASH,HCC-RE,0,0,3.466,0,4,9.3335,4,10.2,0,0
NSE_CASH,HCC-RE,99,12.1,0,273.8835,99,9.3335,0,0,99,924.0165
NSE_CASH,HDFCBANK,0,0,-37,0,25,1709.68,25,1708.2,0,0
NSE_CASH,HEG,0,0,174.65,0,16,2221.2969,16,2232.2125,0,0
NSE_CASH,HINDUNILVR,0,0,-34.8,0,7,2441.2286,7,2436.2571,0,0
NSE_CASH,ICICIBANK,0,0,173,0,46,1171.2174,46,1174.9783,0,0
NSE_CASH,IDFCFIRSTB,0,0,-93.95,0,326,81.1173,326,80.8291,0,0
NSE_CASH,IDFCFIRSTB,470,54.96,0,4540.388,470,45.2996,0,0,470,21290.812
NSE_CASH,IIFL,0,0,-9838.4,0,2044,500.3146,2044,495.5012,0,0
NSE_CASH,IIFL,-2,327.65,0,408.7,0,0,2,532,-2,-1064
NSE_CASH,INDIACEM,0,0,-9709.32,0,4456,240.8105,4456,238.6316,0,0
NSE_CASH,INDIACEM,200,277,0,11000,200,222,0,0,200,44400
NSE_CASH,INE476A01014,12628,0,0,0,12628,0,0,0,12628,0
NSE_CASH,INE962C01027,1000,3.3,0,0,1000,3.3,0,0,1000,3300
NSE_CASH,INFY,0,0,11,0,1,1521,1,1532,0,0
NSE_CASH,JIOFIN,0,0,192,0,262,357.4695,262,358.2023,0,0
NSE_CASH,JIOFIN,2114,227.51,0,188490.1592,2114,138.3472,0,0,2114,292465.9808
NSE_CASH,JKCEMENT,0,0,-429.6,0,60,4415.1283,60,4407.9683,0,0
NSE_CASH,KOTAKBANK,0,0,-492.05,0,86,1746.8756,86,1741.1541,0,0
NSE_CASH,KOTAKBANK,50,2171.2,0,20010,50,1771,0,0,50,88550
BSE_CASH,KOTIC,-130,193.85,0,-24557,0,0,130,4.95,-130,-643.5
NSE_CASH,KSCL,0,0,581.1502,0,21,648.8976,21,676.5714,0,0
NSE_CASH,LT,0,0,4,0,2,3616,2,3618,0,0
NSE_CASH,LTIM,0,0,27,0,3,4950,3,4959,0,0
NSE_CASH,M&M,0,0,-16,0,2,2930,2,2922,0,0
NSE_CASH,MARUTI,0,0,49,0,1,12861,1,12910,0,0
NSE_CASH,MMTC,1200,52.18,0,9141,1200,44.5625,0,0,1200,53475
NSE_CASH,NBCC,0,0,1223.54,0,1996,163.1502,1996,163.7632,0,0
NSE_CASH,NBCC,2280,81.89,0,124389.276,2280,27.3333,0,0,2280,62319.924
NSE_CASH,NESTLEIND,0,0,-17.4,0,1,2526.95,1,2509.55,0,0
NSE_CASH,NURECA,100,211.48,0,-80351.4,100,1014.994,0,0,100,101499.4
NSE_CASH,ONGC,0,0,5.2,0,2,275.4,2,278,0,0
NSE_CASH,ORBTEXP,0,0,-1026.5005,0,52,179.6625,52,159.9221,0,0
NSE_CASH,PNB,0,0,19155.44,0,1541,111.9686,1541,124.3991,0,0
NSE_CASH,PNB,2776,96.13,0,106449.3288,2776,57.7837,0,0,2776,160407.5512
NSE_CASH,POWERGRID,0,0,2.1,0,5,308,5,308.42,0,0
BSE_CASH,PURETROP,0,0,59,0,5,163.2,5,175,0,0
NSE_CASH,RCOM,11040,1.41,0,-7617.6,11040,2.1,0,0,11040,23184
NSE_CASH,RECLTD,0,0,7.1,0,5,548,5,549.42,0,0
NSE_CASH,RELIANCE,0,0,-208.15,0,193,2890.0979,193,2889.0194,0,0
NSE_CASH,RELIANCE,2,1275.1,0,-369.8,2,1460,0,0,2,2920
NSE_CASH,SAIL,0,0,3561.4317,0,1229,153.9372,1229,156.835,0,0
NSE_CASH,SAIL,1500,115.18,0,38037.45,1500,89.8217,0,0,1500,134732.55
BSE_CASH,SHIVACEM,0,0,2.55,0,5,50,5,50.51,0,0
NSE_CASH,SHRIRAMFIN,0,0,-56,0,4,2776.25,4,2762.25,0,0
BSE_CASH,SHUKJEW,-600,13.78,0,-6130.98,0,0,600,3.5617,-600,-2137.02
NSE_CASH,SOUTHBANK,0,0,53.65,0,1092,27.6044,1092,27.6536,0,0
NSE_CASH,SOUTHBANK,125,23.07,0,-562.9,125,27.5732,0,0,125,3446.65
NSE_CASH,SOUTH-RE,455,3.95,0,-909.4995,455,5.9489,0,0,455,2706.7495
NSE_CASH,TATAMOTORS,0,0,5.5,0,1,989,1,994.5,0,0
NSE_CASH,TATASTEEL,0,0,641.2,0,478,173.6655,478,175.0069,0,0
NSE_CASH,TATASTEEL,560,154.24,0,6946.912,560,141.8348,0,0,560,79427.488
NSE_CASH,TCS,0,0,527.35,0,61,3828.9967,61,3837.6418,0,0
NSE_CASH,TCS,-3,3606.15,0,200.1501,0,0,3,3672.8667,-3,-11018.6001
NSE_CASH,TECHM,0,0,7,0,1,1317,1,1324,0,0
BSE_CASH,TIPSMUSIC,0,0,168,0,1,457,1,625,0,0
NSE_CASH,TITAN,0,0,16.5,0,2,3479.25,2,3487.5,0,0
NSE_CASH,TPHQ,0,0,15,0,300,1.3,300,1.35,0,0
NSE_CASH,TRENT,0,0,-2247.8,0,75,5308.2267,75,5278.256,0,0
NSE_CASH,TRENT,-9,5325.15,0,-51.75,0,0,9,5319.4,-9,-47874.6
NSE_CASH,ULTRACEMCO,0,0,-162,0,4,10938.5,4,10898,0,0
NSE_CASH,VIPCLOTHNG,-30,28.19,0,308.1,0,0,30,38.46,-30,-1153.8
NSE_CASH,WIPRO,0,0,21.25,0,6,437.4583,6,441,0,0
NSE_CASH,YESBANK,0,0,730.25,0,3100,22.5552,3100,22.7908,0,0
NSE_CASH,YESBANK,2200,16.88,0,-13834.7,2200,23.1685,0,0,2200,50970.7
BSE_CASH,ZWELCAST,0,0,1700.7,0,65,1631.9977,65,1658.1623,0,0
BSE_CASH,ZWELCAST,-15,1143.95,0,7059.9495,0,0,15,1614.6133,-15,-24219.1995
NSE_CASH,ZYDUSLIFE,6,886.4,0,-369.6,6,948,0,0,6,5688
