Symbol,Txn Type,Segment,Buy Date,Buy Qty,Buy Rate (₹),Buy Value (₹),Sell Date,Sell Qty,Sell Rate (₹),Sell Value (₹),P&L Amt (₹),Total days,ISIN,Turnover (₹)
504988-EQ,Short-Term,NSE-Cash,09-May-24,4,1627.25,6509,06-May-24,4,1635.05,6540.2,31.2,3,INE380G01015,-
504988-EQ,Trading,NSE-Cash,06-May-24,25,1666.73,41668.25,06-May-24,25,1692.44,42311,642.85,0,INE380G01015,642.85
504988-EQ,Trading,NSE-Cash,07-May-24,19,1615.95,30703.05,07-May-24,19,1640.74,31174.06,471,0,INE380G01015,471
504988-EQ,Trading,NSE-Cash,08-May-24,10,1578.26,15782.6,08-May-24,10,1596.73,15967.3,184.65,0,INE380G01015,184.65
504988-EQ,Trading,NSE-Cash,09-May-24,7,1631,11417,09-May-24,7,1684,11788,371,0,INE380G01015,371
530077-EQ,Short-Term,NSE-Cash,01-Apr-24,5,163.2,816,23-Apr-24,5,175,875,59,22,INE795D01011,-
532323-EQ,Short-Term,NSE-Cash,02-Apr-24,5,50,250,27-Jun-24,5,50.51,252.55,2.55,86,INE555C01029,-
ADANIENT  ,Trading,NSE-Cash,23-May-24,1,3151,3151,23-May-24,1,3169,3169,18,0,INE423A01024,18
ADANIENT  ,Trading,NSE-Cash,27-May-24,4,3307,13228,27-May-24,4,3307.75,13231,3,0,INE423A01024,3
ADANIENT  ,Trading,NSE-Cash,28-May-24,1,3301,3301,28-May-24,1,3325,3325,24,0,INE423A01024,24
ADANIPORTS,Trading,NSE-Cash,28-May-24,1,1419,1419,28-May-24,1,1424,1424,5,0,INE742F01042,5
ADANIPORTS,Trading,NSE-Cash,12-Jun-24,1,1395,1395,12-Jun-24,1,1411.75,1411.75,16.75,0,INE742F01042,16.75
ASIANPAINT,Trading,NSE-Cash,23-May-24,1,2901,2901,23-May-24,1,2909,2909,8,0,INE021A01026,8
AXISBANK,Trading,NSE-Cash,26-Jun-24,1,1271,1271,26-Jun-24,1,1281.1,1281.1,10.1,0,INE238A01034,10.1
BAJAJFINSV,Trading,NSE-Cash,31-May-24,1,1525,1525,31-May-24,1,1545,1545,20,0,INE918I01026,20
BANKBARODA,Long-Term,BSE-Cash,08-Apr-22,10,118.3,1183,16-May-24,10,262,2620,1437,769,INE028A01039,-
BANKBARODA,Long-Term,BSE-Cash,08-Apr-22,10,118.3,1183,12-Jun-24,10,283.25,2832.5,1649.5,796,INE028A01039,-
BANKBARODA,Long-Term,BSE-Cash,08-Apr-22,30,118.3,3549,03-Jun-24,30,297.45,8923.5,5374.5,787,INE028A01039,-
BANKBARODA,Trading,NSE-Cash,13-May-24,34,256.88,8733.92,13-May-24,34,258.98,8805.32,71.3,0,INE028A01039,71.3
BANKBARODA,Trading,NSE-Cash,15-May-24,100,264.5,26450,15-May-24,100,265.27,26527,77.5,0,INE028A01039,77.5
BANKBARODA,Trading,NSE-Cash,16-May-24,43,264.7,11382.1,16-May-24,43,266.51,11459.93,77.95,0,INE028A01039,77.95
BANKBARODA,Trading,NSE-Cash,17-May-24,1,262,262,17-May-24,1,264,264,2,0,INE028A01039,2
BANKBARODA,Trading,NSE-Cash,21-May-24,37,264.66,9792.42,21-May-24,37,264.48,9785.76,-6.75,0,INE028A01039,6.75
BANKBARODA,Trading,NSE-Cash,22-May-24,10,264,2640,22-May-24,10,267,2670,30,0,INE028A01039,30
BANKBARODA,Trading,NSE-Cash,23-May-24,115,269.37,30977.55,23-May-24,115,268.6,30889,-88.5,0,INE028A01039,88.5
BANKBARODA,Trading,NSE-Cash,24-May-24,40,269.5,10780,24-May-24,40,270.63,10825.2,45,0,INE028A01039,45
BANKBARODA,Trading,NSE-Cash,27-May-24,10,266.25,2662.5,27-May-24,10,266.95,2669.5,7,0,INE028A01039,7
BANKBARODA,Trading,NSE-Cash,28-May-24,10,268.75,2687.5,28-May-24,10,269.85,2698.5,11,0,INE028A01039,11
BANKBARODA,Trading,NSE-Cash,31-May-24,5,263,1315,31-May-24,5,263.54,1317.7,2.7,0,INE028A01039,2.7
BANKBARODA,Trading,NSE-Cash,03-Jun-24,30,297.9,8937,03-Jun-24,30,290.22,8706.6,-230.5,0,INE028A01039,230.5
BANKBARODA,Trading,NSE-Cash,04-Jun-24,1,281,281,04-Jun-24,1,249,249,-32,0,INE028A01039,32
BANKBARODA,Trading,NSE-Cash,05-Jun-24,200,249.75,49950,05-Jun-24,200,256,51200,1250,0,INE028A01039,1250
BANKBARODA,Trading,NSE-Cash,06-Jun-24,20,268,5360,06-Jun-24,20,271.95,5439,79,0,INE028A01039,79
BANKBARODA,Trading,NSE-Cash,10-Jun-24,110,276.46,30410.6,10-Jun-24,110,276.92,30461.2,51,0,INE028A01039,51
BANKBARODA,Trading,NSE-Cash,11-Jun-24,10,276.5,2765,11-Jun-24,10,279,2790,25,0,INE028A01039,25
BANKBARODA,Trading,NSE-Cash,12-Jun-24,20,283,5660,12-Jun-24,20,279.73,5594.6,-65.5,0,INE028A01039,65.5
BANKBARODA,Trading,NSE-Cash,13-Jun-24,5,283,1415,13-Jun-24,5,282.8,1414,-1,0,INE028A01039,1
BANKBARODA,Trading,NSE-Cash,25-Jun-24,6,280.83,1684.98,25-Jun-24,6,282.67,1696.02,11,0,INE028A01039,11
BANKBARODA,Trading,NSE-Cash,28-Jun-24,60,273,16380,28-Jun-24,60,275.5,16530,150,0,INE028A01039,150
BHEL,Trading,NSE-Cash,31-May-24,3,290,870,31-May-24,3,295,885,15,0,INE257A01026,15
BHEL,Trading,NSE-Cash,04-Jun-24,2,307,614,04-Jun-24,2,236,472,-142,0,INE257A01026,142
BHEL,Trading,NSE-Cash,05-Jun-24,500,244,122000,05-Jun-24,500,248.4,124200,2200.8,0,INE257A01026,2200.8
BHEL,Trading,NSE-Cash,06-Jun-24,40,281,11240,06-Jun-24,40,284.45,11378,138,0,INE257A01026,138
BHEL,Trading,NSE-Cash,10-Jun-24,10,285,2850,10-Jun-24,10,288.4,2884,34,0,INE257A01026,34
BHEL,Trading,NSE-Cash,11-Jun-24,38,294.86,11204.68,11-Jun-24,38,293.32,11146.16,-58.35,0,INE257A01026,58.35
BHEL,Trading,NSE-Cash,12-Jun-24,10,295,2950,12-Jun-24,10,296.5,2965,15,0,INE257A01026,15
BHEL,Trading,NSE-Cash,13-Jun-24,5,295,1475,13-Jun-24,5,297,1485,10,0,INE257A01026,10
BHEL,Trading,NSE-Cash,14-Jun-24,15,301.17,4517.55,14-Jun-24,15,305.4,4581,63.5,0,INE257A01026,63.5
BHEL,Trading,NSE-Cash,18-Jun-24,10,305,3050,18-Jun-24,10,310,3100,50,0,INE257A01026,50
BHEL,Trading,NSE-Cash,20-Jun-24,60,294.04,17642.4,20-Jun-24,60,295.5,17730,87.5,0,INE257A01026,87.5
BHEL,Trading,NSE-Cash,21-Jun-24,5,297,1485,21-Jun-24,5,298,1490,5,0,INE257A01026,5
BHEL,Trading,NSE-Cash,25-Jun-24,1,294,294,25-Jun-24,1,294,294,0,0,INE257A01026,-
BHEL,Trading,NSE-Cash,26-Jun-24,30,295,8850,26-Jun-24,30,296.5,8895,45,0,INE257A01026,45
BHEL,Trading,NSE-Cash,27-Jun-24,20,298,5960,27-Jun-24,20,299,5980,20,0,INE257A01026,20
BHEL,Trading,NSE-Cash,28-Jun-24,60,304,18240,28-Jun-24,60,306,18360,120,0,INE257A01026,120
BRITANNIA,Trading,NSE-Cash,27-May-24,7,5165.82,36160.74,27-May-24,7,5171.29,36199.03,38.25,0,INE216A01030,38.25
CANBK,Trading,NSE-Cash,07-May-24,16,589,9424,07-May-24,16,595,9520,96,0,INE476A01022,96
CANBK,Trading,NSE-Cash,08-May-24,8,563.25,4506,08-May-24,8,588,4704,198,0,INE476A01022,198
CANBK,Trading,NSE-Cash,13-May-24,7,546.14,3822.98,13-May-24,7,551.66,3861.62,38.6,0,INE476A01022,38.6
CANBK,Trading,NSE-Cash,14-May-24,10,562,5620,14-May-24,10,565,5650,30,0,INE476A01022,30
CANBK,Trading,NSE-Cash,22-May-24,15,115.33,1729.95,22-May-24,15,116.18,1742.7,12.75,0,INE476A01022,12.75
CANBK,Trading,NSE-Cash,23-May-24,40,117.65,4706,23-May-24,40,117.34,4693.6,-12.5,0,INE476A01022,12.5
CANBK,Trading,NSE-Cash,24-May-24,20,117.55,2351,24-May-24,20,118.25,2365,14,0,INE476A01022,14
CANBK,Trading,NSE-Cash,28-May-24,10,116.52,1165.2,28-May-24,10,118.2,1182,16.85,0,INE476A01022,16.85
CANBK,Trading,NSE-Cash,29-May-24,50,117,5850,29-May-24,50,117.24,5862,12,0,INE476A01022,12
CANBK,Trading,NSE-Cash,30-May-24,10,116,1160,30-May-24,10,117.1,1171,11,0,INE476A01022,11
CANBK,Trading,NSE-Cash,31-May-24,10,115,1150,31-May-24,10,117.3,1173,23,0,INE476A01022,23
CANBK,Trading,NSE-Cash,04-Jun-24,202,116.34,23500.68,04-Jun-24,202,110.5,22321,-1179.7,0,INE476A01022,1179.7
CANBK,Trading,NSE-Cash,05-Jun-24,150,110.5,16575,05-Jun-24,150,113.22,16983,407.5,0,INE476A01022,407.5
CANBK,Trading,NSE-Cash,10-Jun-24,10,121,1210,10-Jun-24,10,120.25,1202.5,-7.5,0,INE476A01022,7.5
CANBK,Trading,NSE-Cash,11-Jun-24,10,121.5,1215,11-Jun-24,10,122,1220,5,0,INE476A01022,5
CANBK,Trading,NSE-Cash,12-Jun-24,10,122.5,1225,12-Jun-24,10,122.38,1223.8,-1.25,0,INE476A01022,1.25
CANBK,Trading,NSE-Cash,13-Jun-24,21,122.5,2572.5,13-Jun-24,21,124.56,2615.76,43.29,0,INE476A01022,43.29
CANBK,Trading,NSE-Cash,14-Jun-24,30,120,3600,14-Jun-24,30,120.95,3628.5,28.5,0,INE476A01022,28.5
CANBK,Trading,NSE-Cash,21-Jun-24,10,120.5,1205,21-Jun-24,10,120.6,1206,1,0,INE476A01022,1
CANBK,Trading,NSE-Cash,25-Jun-24,100,118.5,11850,25-Jun-24,100,119.31,11931,81,0,INE476A01022,81
CANBK,Trading,NSE-Cash,28-Jun-24,150,120.23,18034.5,28-Jun-24,150,120.5,18075,40,0,INE476A01022,40
DIVISLAB,Trading,NSE-Cash,27-May-24,1,4291,4291,27-May-24,1,4299,4299,8,0,INE361B01024,8
DIVISLAB,Trading,NSE-Cash,28-May-24,1,4393.8,4393.8,28-May-24,1,4352,4352,-41.8,0,INE361B01024,41.8
DRREDDY   ,Trading,NSE-Cash,27-May-24,3,5843.98,17531.94,27-May-24,3,5846.33,17538.99,7.05,0,INE089A01031,7.05
DRREDDY   ,Trading,NSE-Cash,28-May-24,2,5963,11926,28-May-24,2,5981,11962,36,0,INE089A01031,36
DWARKESH,Short-Term,BSE-Cash,14-Mar-24,14,80.05,1120.7,10-Apr-24,14,105,1470,349.3,27,INE366A01041,-
DWARKESH,Short-Term,BSE-Cash,14-Mar-24,36,80.05,2881.8,10-May-24,36,69.25,2493,-388.8,57,INE366A01041,-
DWARKESH,Short-Term,BSE-Cash,19-Mar-24,64,80.2,5132.8,10-May-24,64,69.25,4432,-700.8,52,INE366A01041,-
DWARKESH,Trading,NSE-Cash,08-May-24,84,70,5880,08-May-24,84,70.25,5901,21,0,INE366A01041,21
DWARKESH,Trading,NSE-Cash,09-May-24,100,69.65,6965,09-May-24,100,69,6900,-65,0,INE366A01041,65
DWARKESH,Trading,NSE-Cash,13-May-24,150,68.27,10240.5,13-May-24,150,68.07,10210.5,-30,0,INE366A01041,30
DWARKESH,Trading,NSE-Cash,15-May-24,30,68,2040,15-May-24,30,68.48,2054.4,14.5,0,INE366A01041,14.5
DWARKESH,Trading,NSE-Cash,16-May-24,6,68,408,16-May-24,6,68.4,410.4,2.4,0,INE366A01041,2.4
DWARKESH,Trading,NSE-Cash,17-May-24,645,69.69,44950.05,17-May-24,645,68.8,44376,-572.75,0,INE366A01041,572.75
DWARKESH,Trading,NSE-Cash,21-May-24,30,70.8,2124,21-May-24,30,71.1,2133,9,0,INE366A01041,9
DWARKESH,Trading,NSE-Cash,22-May-24,60,70.43,4225.8,22-May-24,60,70.25,4215,-11,0,INE366A01041,11
DWARKESH,Trading,NSE-Cash,27-May-24,40,70.2,2808,27-May-24,40,70.3,2812,4,0,INE366A01041,4
DWARKESH,Trading,NSE-Cash,28-May-24,10,69.65,696.5,28-May-24,10,69.85,698.5,2,0,INE366A01041,2
DWARKESH,Trading,NSE-Cash,29-May-24,20,69.5,1390,29-May-24,20,69.8,1396,6,0,INE366A01041,6
DWARKESH,Trading,NSE-Cash,30-May-24,20,68.6,1372,30-May-24,20,68.15,1363,-9,0,INE366A01041,9
DWARKESH,Trading,NSE-Cash,31-May-24,25,68.2,1705,31-May-24,25,68.45,1711.25,6.25,0,INE366A01041,6.25
DWARKESH,Trading,NSE-Cash,07-Jun-24,200,71.15,14230,07-Jun-24,200,70.97,14194,-35,0,INE366A01041,35
DWARKESH,Trading,NSE-Cash,10-Jun-24,10,71.9,719,10-Jun-24,10,71.9,719,0,0,INE366A01041,-
DWARKESH,Trading,NSE-Cash,11-Jun-24,10,72.3,723,11-Jun-24,10,72.95,729.5,6.5,0,INE366A01041,6.5
DWARKESH,Trading,NSE-Cash,12-Jun-24,10,74.8,748,12-Jun-24,10,75.13,751.3,3.25,0,INE366A01041,3.25
DWARKESH,Trading,NSE-Cash,13-Jun-24,45,76.47,3441.15,13-Jun-24,45,76.71,3451.95,10.8,0,INE366A01041,10.8
DWARKESH,Trading,NSE-Cash,14-Jun-24,75,79.77,5982.75,14-Jun-24,75,80.53,6039.75,57.5,0,INE366A01041,57.5
DWARKESH,Trading,NSE-Cash,20-Jun-24,60,78.2,4692,20-Jun-24,60,79,4740,48,0,INE366A01041,48
DWARKESH,Trading,NSE-Cash,21-Jun-24,10,77.25,772.5,21-Jun-24,10,78.2,782,9.5,0,INE366A01041,9.5
DWARKESH,Trading,NSE-Cash,25-Jun-24,150,77.1,11565,25-Jun-24,150,77.67,11650.5,86,0,INE366A01041,86
DWARKESH,Trading,NSE-Cash,26-Jun-24,20,76.5,1530,26-Jun-24,20,77,1540,10,0,INE366A01041,10
DWARKESH,Trading,NSE-Cash,28-Jun-24,25,73.9,1847.5,28-Jun-24,25,74,1850,2.5,0,INE366A01041,2.5
ENGINERSIN,Long-Term,BSE-Cash,08-Apr-22,50,69.7,3485,11-Jun-24,50,248,12400,8915,795,INE510A01028,-
ENGINERSIN,Long-Term,BSE-Cash,08-Apr-22,15,69.7,1045.5,03-Jun-24,15,269.35,4040.25,2994.75,787,INE510A01028,-
ENGINERSIN,Long-Term,BSE-Cash,08-Apr-22,10,69.7,697,10-May-24,10,221.95,2219.5,1522.5,763,INE510A01028,-
ENGINERSIN,Long-Term,BSE-Cash,08-Apr-22,10,69.7,697,12-Jun-24,10,254.95,2549.5,1852.5,796,INE510A01028,-
ENGINERSIN,Trading,NSE-Cash,13-May-24,19,221.74,4213.06,13-May-24,19,221.79,4214.01,1.05,0,INE510A01028,1.05
ENGINERSIN,Trading,NSE-Cash,14-May-24,15,246,3690,14-May-24,15,242.63,3639.45,-50.5,0,INE510A01028,50.5
ENGINERSIN,Trading,NSE-Cash,16-May-24,433,253.22,109644.26,16-May-24,433,253.4,109722.2,79.4,0,INE510A01028,79.4
ENGINERSIN,Trading,NSE-Cash,17-May-24,218,258.03,56250.54,17-May-24,218,258.57,56368.26,116.3,0,INE510A01028,116.3
ENGINERSIN,Trading,NSE-Cash,21-May-24,46,272.2,12521.2,21-May-24,46,273.82,12595.72,74.5,0,INE510A01028,74.5
ENGINERSIN,Trading,NSE-Cash,22-May-24,35,267.14,9349.9,22-May-24,35,267.14,9349.9,-0.25,0,INE510A01028,0.25
ENGINERSIN,Trading,NSE-Cash,23-May-24,165,281.27,46409.55,23-May-24,165,280.13,46221.45,-188,0,INE510A01028,188
ENGINERSIN,Trading,NSE-Cash,24-May-24,110,279.45,30739.5,24-May-24,110,280.28,30830.8,91.5,0,INE510A01028,91.5
ENGINERSIN,Trading,NSE-Cash,27-May-24,10,268,2680,27-May-24,10,272.7,2727,47,0,INE510A01028,47
ENGINERSIN,Trading,NSE-Cash,28-May-24,470,263.73,123953.1,28-May-24,470,263.31,123755.7,-199.5,0,INE510A01028,199.5
ENGINERSIN,Trading,NSE-Cash,29-May-24,50,251.78,12589,29-May-24,50,257.35,12867.5,278.5,0,INE510A01028,278.5
ENGINERSIN,Trading,NSE-Cash,30-May-24,55,252.05,13862.75,30-May-24,55,256.05,14082.75,219.75,0,INE510A01028,219.75
ENGINERSIN,Trading,NSE-Cash,31-May-24,5,249,1245,31-May-24,5,252.32,1261.6,16.6,0,INE510A01028,16.6
ENGINERSIN,Trading,NSE-Cash,03-Jun-24,20,268.79,5375.8,03-Jun-24,20,265.61,5312.2,-63.5,0,INE510A01028,63.5
ENGINERSIN,Trading,NSE-Cash,04-Jun-24,2,239,478,04-Jun-24,2,224.5,449,-29,0,INE510A01028,29
ENGINERSIN,Trading,NSE-Cash,05-Jun-24,1050,209.84,220332,05-Jun-24,1050,213.1,223755,3415,0,INE510A01028,3415
ENGINERSIN,Trading,NSE-Cash,06-Jun-24,80,228.75,18300,06-Jun-24,80,230.71,18456.8,157,0,INE510A01028,157
ENGINERSIN,Trading,NSE-Cash,07-Jun-24,20,232.5,4650,07-Jun-24,20,232.45,4649,-1,0,INE510A01028,1
ENGINERSIN,Trading,NSE-Cash,10-Jun-24,10,230,2300,10-Jun-24,10,234.35,2343.5,43.5,0,INE510A01028,43.5
ENGINERSIN,Trading,NSE-Cash,11-Jun-24,90,247.63,22286.7,11-Jun-24,90,240.91,21681.9,-604.5,0,INE510A01028,604.5
ENGINERSIN,Trading,NSE-Cash,12-Jun-24,20,254.35,5087,12-Jun-24,20,251.23,5024.6,-62.5,0,INE510A01028,62.5
ENGINERSIN,Trading,NSE-Cash,13-Jun-24,11,254.18,2795.98,13-Jun-24,11,256.52,2821.72,25.75,0,INE510A01028,25.75
ENGINERSIN,Trading,NSE-Cash,14-Jun-24,5,251.5,1257.5,14-Jun-24,5,256,1280,22.5,0,INE510A01028,22.5
ENGINERSIN,Trading,NSE-Cash,18-Jun-24,50,270,13500,18-Jun-24,50,272,13600,100,0,INE510A01028,100
ENGINERSIN,Trading,NSE-Cash,19-Jun-24,85,262.58,22319.3,19-Jun-24,85,264.38,22472.3,152.5,0,INE510A01028,152.5
ENGINERSIN,Trading,NSE-Cash,21-Jun-24,5,258,1290,21-Jun-24,5,261,1305,15,0,INE510A01028,15
ENGINERSIN,Trading,NSE-Cash,25-Jun-24,90,254,22860,25-Jun-24,90,255.18,22966.2,106,0,INE510A01028,106
ENGINERSIN,Trading,NSE-Cash,26-Jun-24,80,250,20000,26-Jun-24,80,251,20080,80,0,INE510A01028,80
ENGINERSIN,Trading,NSE-Cash,27-Jun-24,10,248,2480,27-Jun-24,10,250,2500,20,0,INE510A01028,20
ENGINERSIN,Trading,NSE-Cash,28-Jun-24,30,252,7560,28-Jun-24,30,254.5,7635,75,0,INE510A01028,75
ENGINERSIN,Trading,NSE-Cash,01-Jul-24,100,249.58,24958,01-Jul-24,100,250.14,25014,56,0,INE510A01028,56
FORCEMOT,Short-Term,NSE-Cash,25-Jun-24,1,9161,9161,29-May-24,1,8349,8349,-812,27,INE451A01017,-
FORCEMOT,Short-Term,NSE-Cash,27-Jun-24,1,8901,8901,30-May-24,1,8469,8469,-432,28,INE451A01017,-
FORCEMOT,Short-Term,NSE-Cash,27-Jun-24,4,8901,35604,24-Jun-24,4,9233.11,36932.44,1328.45,3,INE451A01017,-
FORCEMOT,Short-Term,NSE-Cash,01-Jul-24,11,8901,97911,24-Jun-24,11,9233.11,101564.21,3653.25,7,INE451A01017,-
FORCEMOT,Trading,NSE-Cash,29-May-24,4,8183.5,32734,29-May-24,4,8213,32852,118,0,INE451A01017,118
FORCEMOT,Trading,NSE-Cash,30-May-24,1,8481,8481,30-May-24,1,8400,8400,-81,0,INE451A01017,81
FORCEMOT,Trading,NSE-Cash,31-May-24,6,8478.67,50872.02,31-May-24,6,8498.13,50988.78,116.75,0,INE451A01017,116.75
FORCEMOT,Trading,NSE-Cash,03-Jun-24,3,8917.67,26753.01,03-Jun-24,3,8982.33,26946.99,194,0,INE451A01017,194
FORCEMOT,Trading,NSE-Cash,04-Jun-24,1,8751,8751,04-Jun-24,1,8676.55,8676.55,-74.45,0,INE451A01017,74.45
FORCEMOT,Trading,NSE-Cash,06-Jun-24,10,8446,84460,06-Jun-24,10,8466.5,84665,205,0,INE451A01017,205
FORCEMOT,Trading,NSE-Cash,07-Jun-24,2,8556,17112,07-Jun-24,2,8534,17068,-44,0,INE451A01017,44
FORCEMOT,Trading,NSE-Cash,11-Jun-24,1,8971,8971,11-Jun-24,1,9075,9075,104,0,INE451A01017,104
FORCEMOT,Trading,NSE-Cash,12-Jun-24,1,9051,9051,12-Jun-24,1,9078.8,9078.8,27.8,0,INE451A01017,27.8
FORCEMOT,Trading,NSE-Cash,18-Jun-24,1,9181,9181,18-Jun-24,1,9275,9275,94,0,INE451A01017,94
FORCEMOT,Trading,NSE-Cash,21-Jun-24,10,9041,90410,21-Jun-24,10,9054.42,90544.2,134.25,0,INE451A01017,134.25
FORCEMOT,Trading,NSE-Cash,24-Jun-24,26,9167.21,238347.46,24-Jun-24,26,9026.1,234678.6,-3668.85,0,INE451A01017,3668.85
FORCEMOT,Trading,NSE-Cash,25-Jun-24,17,9340.41,158786.97,25-Jun-24,17,9373.76,159353.92,567,0,INE451A01017,567
FORCEMOT,Trading,NSE-Cash,26-Jun-24,3,9131,27393,26-Jun-24,3,9205.97,27617.91,224.9,0,INE451A01017,224.9
FORCEMOT,Trading,NSE-Cash,27-Jun-24,14,8949.57,125293.98,27-Jun-24,14,8965.21,125512.94,219,0,INE451A01017,219
FORCEMOT,Trading,NSE-Cash,28-Jun-24,1,8941,8941,28-Jun-24,1,8999,8999,58,0,INE451A01017,58
GARFIBRES,Short-Term,BSE-Cash,18-Mar-24,1,3208,3208,29-May-24,1,3637.75,3637.75,429.75,72,INE276A01018,-
GARFIBRES,Short-Term,BSE-Cash,18-Mar-24,1,3208,3208,12-Apr-24,1,3800,3800,592,25,INE276A01018,-
GARFIBRES,Short-Term,BSE-Cash,22-Mar-24,3,3475,10425,29-May-24,3,3637.75,10913.25,488.25,68,INE276A01018,-
GARFIBRES,Short-Term,BSE-Cash,27-Mar-24,1,3248,3248,04-Jun-24,1,3459,3459,211,69,INE276A01018,-
GARFIBRES,Short-Term,NSE-Cash,30-May-24,1,3551,3551,04-Jun-24,1,3459,3459,-92,5,INE276A01018,-
GARFIBRES,Short-Term,NSE-Cash,31-May-24,1,3461,3461,07-Jun-24,1,4015,4015,554,7,INE276A01018,-
GARFIBRES,Trading,NSE-Cash,30-May-24,1,3661,3661,30-May-24,1,3731,3731,70,0,INE276A01018,70
GARFIBRES,Trading,NSE-Cash,31-May-24,4,3508.5,14034,31-May-24,4,3526.05,14104.2,70.2,0,INE276A01018,70.2
GARFIBRES,Trading,NSE-Cash,06-Jun-24,4,3671,14684,06-Jun-24,4,3620.5,14482,-202,0,INE276A01018,202
GARFIBRES,Trading,NSE-Cash,07-Jun-24,3,4051,12153,07-Jun-24,3,3773,11319,-834,0,INE276A01018,834
GARFIBRES,Trading,NSE-Cash,12-Jun-24,2,4041,8082,12-Jun-24,2,4072.53,8145.06,63.05,0,INE276A01018,63.05
GARFIBRES,Trading,NSE-Cash,13-Jun-24,1,4120,4120,13-Jun-24,1,4199,4199,79,0,INE276A01018,79
GARFIBRES,Trading,NSE-Cash,19-Jun-24,7,4169.57,29186.99,19-Jun-24,7,4205.89,29441.23,254.2,0,INE276A01018,254.2
GARFIBRES,Trading,NSE-Cash,24-Jun-24,2,4021,8042,24-Jun-24,2,4059,8118,76,0,INE276A01018,76
GARFIBRES,Trading,NSE-Cash,25-Jun-24,2,3940.5,7881,25-Jun-24,2,3971,7942,61,0,INE276A01018,61
GARFIBRES,Trading,NSE-Cash,27-Jun-24,6,3961,23766,27-Jun-24,6,3988.67,23932.02,166,0,INE276A01018,166
GARFIBRES,Trading,NSE-Cash,28-Jun-24,3,3871,11613,28-Jun-24,3,3874.33,11622.99,10,0,INE276A01018,10
HCC       ,Short-Term,BSE-Cash,14-Mar-24,1,34.75,34.75,02-Apr-24,1,34.95,34.95,0.2,19,INE549A01026,-
HCC       ,Trading,NSE-Cash,06-May-24,303,35.45,10741.35,06-May-24,303,35.87,10868.61,125.75,0,INE549A01026,125.75
HCC       ,Trading,NSE-Cash,10-May-24,50,33,1650,10-May-24,50,33.95,1697.5,47.5,0,INE549A01026,47.5
HDFCBANK,Trading,NSE-Cash,25-Jun-24,25,1709.68,42742,25-Jun-24,25,1708.2,42705,-37,0,INE040A01034,37
HEG,Trading,NSE-Cash,31-May-24,2,2239.5,4479,31-May-24,2,2250,4500,21,0,INE545A01024,21
HEG,Trading,NSE-Cash,03-Jun-24,2,2289.38,4578.76,03-Jun-24,2,2296.28,4592.56,13.8,0,INE545A01024,13.8
HEG,Trading,NSE-Cash,11-Jun-24,1,2221,2221,11-Jun-24,1,2239,2239,18,0,INE545A01024,18
HEG,Trading,NSE-Cash,12-Jun-24,1,2227,2227,12-Jun-24,1,2230,2230,3,0,INE545A01024,3
HEG,Trading,NSE-Cash,25-Jun-24,3,2241,6723,25-Jun-24,3,2272.33,6816.99,94,0,INE545A01024,94
HEG,Trading,NSE-Cash,26-Jun-24,1,2201,2201,26-Jun-24,1,2209.85,2209.85,8.85,0,INE545A01024,8.85
HEG,Trading,NSE-Cash,28-Jun-24,3,2159,6477,28-Jun-24,3,2170.67,6512.01,35,0,INE545A01024,35
HEG,Trading,NSE-Cash,01-Jul-24,3,2211.33,6633.99,01-Jul-24,3,2205,6615,-19,0,INE545A01024,19
HINDUNILVR,Trading,NSE-Cash,27-May-24,1,2385,2385,27-May-24,1,2394,2394,9,0,INE030A01027,9
HINDUNILVR,Trading,NSE-Cash,24-Jun-24,6,2450.6,14703.6,24-Jun-24,6,2443.3,14659.8,-43.8,0,INE030A01027,43.8
ICICIBANK,Trading,NSE-Cash,24-Jun-24,40,1164.5,46580,24-Jun-24,40,1168.83,46753.2,173,0,INE090A01021,173
ICICIBANK,Trading,NSE-Cash,26-Jun-24,6,1216,7296,26-Jun-24,6,1216,7296,0,0,INE090A01021,-
IDFCFIRSTB,Trading,NSE-Cash,30-May-24,10,77.5,775,30-May-24,10,77.75,777.5,2.5,0,INE092T01019,2.5
IDFCFIRSTB,Trading,NSE-Cash,31-May-24,15,78.25,1173.75,31-May-24,15,78.5,1177.5,3.75,0,INE092T01019,3.75
IDFCFIRSTB,Trading,NSE-Cash,04-Jun-24,20,77,1540,04-Jun-24,20,73,1460,-80,0,INE092T01019,80
IDFCFIRSTB,Trading,NSE-Cash,11-Jun-24,10,77.45,774.5,11-Jun-24,10,77.85,778.5,4,0,INE092T01019,4
IDFCFIRSTB,Trading,NSE-Cash,12-Jun-24,10,77.75,777.5,12-Jun-24,10,78.15,781.5,4,0,INE092T01019,4
IDFCFIRSTB,Trading,NSE-Cash,13-Jun-24,15,77.8,1167,13-Jun-24,15,77.51,1162.65,-4.35,0,INE092T01019,4.35
IDFCFIRSTB,Trading,NSE-Cash,18-Jun-24,100,81.44,8144,18-Jun-24,100,80.5,8050,-94,0,INE092T01019,94
IDFCFIRSTB,Trading,NSE-Cash,20-Jun-24,120,83,9960,20-Jun-24,120,83.38,10005.6,45,0,INE092T01019,45
IDFCFIRSTB,Trading,NSE-Cash,25-Jun-24,1,82.5,82.5,25-Jun-24,1,82.65,82.65,0.15,0,INE092T01019,0.15
IDFCFIRSTB,Trading,NSE-Cash,28-Jun-24,25,82,2050,28-Jun-24,25,83,2075,25,0,INE092T01019,25
IIFL,Short-Term,NSE-Cash,18-Apr-24,10,422,4220,02-Jul-24,10,532,5320,1100,75,INE530B01024,-
IIFL,Trading,NSE-Cash,12-Jun-24,10,473,4730,12-Jun-24,10,474.5,4745,15,0,INE530B01024,15
IIFL,Trading,NSE-Cash,13-Jun-24,3,475,1425,13-Jun-24,3,479,1437,12,0,INE530B01024,12
IIFL,Trading,NSE-Cash,14-Jun-24,15,476.5,7147.5,14-Jun-24,15,478.33,7174.95,27.5,0,INE530B01024,27.5
IIFL,Trading,NSE-Cash,18-Jun-24,845,493.79,417252.55,18-Jun-24,845,495.47,418672.15,1416.5,0,INE530B01024,1416.5
IIFL,Trading,NSE-Cash,19-Jun-24,10,471,4710,19-Jun-24,10,475,4750,40,0,INE530B01024,40
IIFL,Trading,NSE-Cash,21-Jun-24,10,472,4720,21-Jun-24,10,474,4740,20,0,INE530B01024,20
IIFL,Trading,NSE-Cash,25-Jun-24,6,469.87,2819.22,25-Jun-24,6,472.68,2836.08,16.85,0,INE530B01024,16.85
IIFL,Trading,NSE-Cash,26-Jun-24,60,461,27660,26-Jun-24,60,465.58,27934.8,275,0,INE530B01024,275
IIFL,Trading,NSE-Cash,27-Jun-24,10,489,4890,27-Jun-24,10,490,4900,10,0,INE530B01024,10
IIFL,Trading,NSE-Cash,28-Jun-24,1035,509.43,527260.05,28-Jun-24,1035,497.03,514426.05,-12833.25,0,INE530B01024,12833.25
IIFL,Trading,NSE-Cash,02-Jul-24,30,526.83,15804.9,02-Jul-24,30,528.9,15867,62,0,INE530B01024,62
INDIACEM,Trading,NSE-Cash,07-Jun-24,40,214.36,8574.4,07-Jun-24,40,212.96,8518.4,-56,0,INE383A01012,56
INDIACEM,Trading,NSE-Cash,10-Jun-24,50,219.4,10970,10-Jun-24,50,220.2,11010,40,0,INE383A01012,40
INDIACEM,Trading,NSE-Cash,11-Jun-24,10,218.15,2181.5,11-Jun-24,10,216.3,2163,-18.5,0,INE383A01012,18.5
INDIACEM,Trading,NSE-Cash,12-Jun-24,10,220.5,2205,12-Jun-24,10,218.5,2185,-20,0,INE383A01012,20
INDIACEM,Trading,NSE-Cash,13-Jun-24,5,219.5,1097.5,13-Jun-24,5,218.8,1094,-3.5,0,INE383A01012,3.5
INDIACEM,Trading,NSE-Cash,14-Jun-24,15,221.8,3327,14-Jun-24,15,221.53,3322.95,-4,0,INE383A01012,4
INDIACEM,Trading,NSE-Cash,19-Jun-24,5,218.6,1093,19-Jun-24,5,222.27,1111.35,18.35,0,INE383A01012,18.35
INDIACEM,Trading,NSE-Cash,20-Jun-24,1315,232.12,305237.8,20-Jun-24,1315,231.54,304475.1,-764.02,0,INE383A01012,764.02
INDIACEM,Trading,NSE-Cash,21-Jun-24,665,231.34,153841.1,21-Jun-24,665,232.67,154725.55,885.4,0,INE383A01012,885.4
INDIACEM,Trading,NSE-Cash,24-Jun-24,1100,235.29,258819,24-Jun-24,1100,234.83,258313,-510.5,0,INE383A01012,510.5
INDIACEM,Trading,NSE-Cash,25-Jun-24,11,232.91,2562.01,25-Jun-24,11,235.93,2595.23,33.25,0,INE383A01012,33.25
INDIACEM,Trading,NSE-Cash,26-Jun-24,1230,262.72,323145.6,26-Jun-24,1230,255.15,313834.5,-9309.8,0,INE383A01012,9309.8
INFY,Trading,NSE-Cash,25-Jun-24,1,1521,1521,25-Jun-24,1,1532,1532,11,0,INE009A01021,11
JIOFIN,Trading,NSE-Cash,31-May-24,5,349,1745,31-May-24,5,355.05,1775.25,30.25,0,INE758E01017,30.25
JIOFIN,Trading,NSE-Cash,04-Jun-24,2,351,702,04-Jun-24,2,345.5,691,-11,0,INE758E01017,11
JIOFIN,Trading,NSE-Cash,10-Jun-24,10,353,3530,10-Jun-24,10,356,3560,30,0,INE758E01017,30
JIOFIN,Trading,NSE-Cash,11-Jun-24,10,351.25,3512.5,11-Jun-24,10,353,3530,17.5,0,INE758E01017,17.5
JIOFIN,Trading,NSE-Cash,12-Jun-24,10,359,3590,12-Jun-24,10,353,3530,-60,0,INE758E01017,60
JIOFIN,Trading,NSE-Cash,13-Jun-24,5,361,1805,13-Jun-24,5,363.55,1817.75,12.75,0,INE758E01017,12.75
JIOFIN,Trading,NSE-Cash,14-Jun-24,5,359,1795,14-Jun-24,5,357,1785,-10,0,INE758E01017,10
JIOFIN,Trading,NSE-Cash,18-Jun-24,50,363,18150,18-Jun-24,50,364,18200,50,0,INE758E01017,50
JIOFIN,Trading,NSE-Cash,20-Jun-24,40,362,14480,20-Jun-24,40,364.5,14580,100,0,INE758E01017,100
JIOFIN,Trading,NSE-Cash,25-Jun-24,5,360,1800,25-Jun-24,5,359,1795,-5,0,INE758E01017,5
JIOFIN,Trading,NSE-Cash,26-Jun-24,40,356,14240,26-Jun-24,40,355.5,14220,-20,0,INE758E01017,20
JIOFIN,Trading,NSE-Cash,01-Jul-24,80,353.84,28307.2,01-Jul-24,80,354.56,28364.8,57.5,0,INE758E01017,57.5
JKCEMENT,Long-Term,BSE-Cash,16-Jan-23,1,2905.6,2905.6,14-Jun-24,1,4336,4336,1430.4,515,INE823G01014,-
JKCEMENT,Trading,NSE-Cash,30-May-24,1,3901,3901,30-May-24,1,3910,3910,9,0,INE823G01014,9
JKCEMENT,Trading,NSE-Cash,31-May-24,1,3881.25,3881.25,31-May-24,1,3895,3895,13.75,0,INE823G01014,13.75
JKCEMENT,Trading,NSE-Cash,10-Jun-24,1,4221,4221,10-Jun-24,1,4299,4299,78,0,INE823G01014,78
JKCEMENT,Trading,NSE-Cash,14-Jun-24,1,4331,4331,14-Jun-24,1,4283,4283,-48,0,INE823G01014,48
JKCEMENT,Trading,NSE-Cash,19-Jun-24,1,4421,4421,19-Jun-24,1,4439,4439,18,0,INE823G01014,18
JKCEMENT,Trading,NSE-Cash,20-Jun-24,1,4311,4311,20-Jun-24,1,4349,4349,38,0,INE823G01014,38
JKCEMENT,Trading,NSE-Cash,21-Jun-24,1,4231,4231,21-Jun-24,1,4221,4221,-10,0,INE823G01014,10
JKCEMENT,Trading,NSE-Cash,25-Jun-24,10,4339,43390,25-Jun-24,10,4276.81,42768.1,-621.95,0,INE823G01014,621.95
JKCEMENT,Trading,NSE-Cash,26-Jun-24,15,4438.33,66574.95,26-Jun-24,15,4419.74,66296.1,-278.95,0,INE823G01014,278.95
JKCEMENT,Trading,NSE-Cash,27-Jun-24,22,4500.7,99015.4,27-Jun-24,22,4512.5,99275,259.55,0,INE823G01014,259.55
JKCEMENT,Trading,NSE-Cash,28-Jun-24,1,4501,4501,28-Jun-24,1,4540,4540,39,0,INE823G01014,39
JKCEMENT,Trading,NSE-Cash,01-Jul-24,1,4421,4421,01-Jul-24,1,4439,4439,18,0,INE823G01014,18
JKCEMENT,Trading,NSE-Cash,02-Jul-24,3,4432.33,13296.99,02-Jul-24,3,4476,13428,131,0,INE823G01014,131
KOTAKBANK,Trading,NSE-Cash,30-May-24,1,1700.8,1700.8,30-May-24,1,1701,1701,0.2,0,INE237A01028,0.2
KOTAKBANK,Trading,NSE-Cash,31-May-24,2,1681,3362,31-May-24,2,1679.5,3359,-3,0,INE237A01028,3
KOTAKBANK,Trading,NSE-Cash,04-Jun-24,23,1666.54,38330.42,04-Jun-24,23,1641.87,37763.01,-567.5,0,INE237A01028,567.5
KOTAKBANK,Trading,NSE-Cash,06-Jun-24,5,1711,8555,06-Jun-24,5,1716,8580,25,0,INE237A01028,25
KOTAKBANK,Trading,NSE-Cash,12-Jun-24,10,1721,17210,12-Jun-24,10,1724,17240,30,0,INE237A01028,30
KOTAKBANK,Trading,NSE-Cash,14-Jun-24,1,1711,1711,14-Jun-24,1,1725,1725,14,0,INE237A01028,14
KOTAKBANK,Trading,NSE-Cash,19-Jun-24,3,1745,5235,19-Jun-24,3,1751.67,5255.01,20,0,INE237A01028,20
KOTAKBANK,Trading,NSE-Cash,20-Jun-24,4,1768,7072,20-Jun-24,4,1774.75,7099,27,0,INE237A01028,27
KOTAKBANK,Trading,NSE-Cash,25-Jun-24,7,1779.29,12455.03,25-Jun-24,7,1788.32,12518.24,63.25,0,INE237A01028,63.25
KOTAKBANK,Trading,NSE-Cash,26-Jun-24,3,1805,5415,26-Jun-24,3,1796.33,5388.99,-26,0,INE237A01028,26
KOTAKBANK,Trading,NSE-Cash,27-Jun-24,26,1821.92,47369.92,27-Jun-24,26,1818.08,47270.08,-100,0,INE237A01028,100
KOTAKBANK,Trading,NSE-Cash,28-Jun-24,1,1815,1815,28-Jun-24,1,1840,1840,25,0,INE237A01028,25
KSCL,Short-Term,BSE-Cash,04-Mar-24,1,680,680,01-Apr-24,1,651,651,-29,28,INE455I01029,-
KSCL,Short-Term,BSE-Cash,04-Mar-24,5,680,3400,19-Apr-24,5,711,3555,155,46,INE455I01029,-
KSCL,Short-Term,BSE-Cash,20-Mar-24,3,623.67,1871.01,19-Apr-24,3,711,2133,262,30,INE455I01029,-
KSCL,Short-Term,NSE-Cash,02-Apr-24,2,638,1276,19-Apr-24,2,711,1422,146,17,INE455I01029,-
KSCL,Trading,NSE-Cash,02-Apr-24,10,639.99,6399.9,02-Apr-24,10,644.7,6447,47.15,0,INE455I01029,47.15
LT,Trading,NSE-Cash,12-Jun-24,1,3631,3631,12-Jun-24,1,3615,3615,-16,0,INE018A01030,16
LT,Trading,NSE-Cash,26-Jun-24,1,3601,3601,26-Jun-24,1,3621,3621,20,0,INE018A01030,20
LTIM,Trading,NSE-Cash,23-May-24,1,4801,4801,23-May-24,1,4809,4809,8,0,INE214T01019,8
LTIM,Trading,NSE-Cash,27-May-24,1,4888,4888,27-May-24,1,4899,4899,11,0,INE214T01019,11
LTIM,Trading,NSE-Cash,26-Jun-24,1,5161,5161,26-Jun-24,1,5169,5169,8,0,INE214T01019,8
M&M,Trading,NSE-Cash,14-Jun-24,2,2930,5860,14-Jun-24,2,2922,5844,-16,0,INE101A01026,16
MARUTI,Trading,NSE-Cash,12-Jun-24,1,12861,12861,12-Jun-24,1,12910,12910,49,0,INE585B01010,49
NBCC,Trading,NSE-Cash,07-Jun-24,100,142.9,14290,07-Jun-24,100,142.96,14296,6.25,0,INE095N01031,6.25
NBCC,Trading,NSE-Cash,10-Jun-24,10,142,1420,10-Jun-24,10,145.5,1455,35,0,INE095N01031,35
NBCC,Trading,NSE-Cash,11-Jun-24,40,155.21,6208.4,11-Jun-24,40,151.82,6072.8,-135.9,0,INE095N01031,135.9
NBCC,Trading,NSE-Cash,12-Jun-24,10,156,1560,12-Jun-24,10,158,1580,20,0,INE095N01031,20
NBCC,Trading,NSE-Cash,13-Jun-24,24,156.95,3766.8,13-Jun-24,24,156.65,3759.6,-7.26,0,INE095N01031,7.26
NBCC,Trading,NSE-Cash,14-Jun-24,195,158.73,30952.35,14-Jun-24,195,158.75,30956.25,3,0,INE095N01031,3
NBCC,Trading,NSE-Cash,18-Jun-24,130,160,20800,18-Jun-24,130,163.47,21251.1,450.5,0,INE095N01031,450.5
NBCC,Trading,NSE-Cash,19-Jun-24,20,155,3100,19-Jun-24,20,157,3140,40,0,INE095N01031,40
NBCC,Trading,NSE-Cash,20-Jun-24,670,165.28,110737.6,20-Jun-24,670,165.85,111119.5,380,0,INE095N01031,380
NBCC,Trading,NSE-Cash,21-Jun-24,550,169,92950,21-Jun-24,550,169.57,93263.5,312.5,0,INE095N01031,312.5
NBCC,Trading,NSE-Cash,25-Jun-24,27,162.96,4399.92,25-Jun-24,27,164.76,4448.52,48.45,0,INE095N01031,48.45
NBCC,Trading,NSE-Cash,26-Jun-24,20,160,3200,26-Jun-24,20,160.8,3216,16,0,INE095N01031,16
NBCC,Trading,NSE-Cash,27-Jun-24,200,161.3,32260,27-Jun-24,200,161.57,32314,55,0,INE095N01031,55
NESTLEIND,Trading,NSE-Cash,24-Jun-24,1,2526.95,2526.95,24-Jun-24,1,2509.55,2509.55,-17.4,0,INE239A01024,17.4
ONGC,Trading,NSE-Cash,12-Jun-24,2,275.4,550.8,12-Jun-24,2,278,556,5.2,0,INE213A01029,5.2
ORBTEXP,Short-Term,BSE-Cash,13-Feb-24,14,190.5,2667,01-Apr-24,14,156.11,2185.54,-481.4,48,INE231G01010,-
ORBTEXP,Short-Term,BSE-Cash,19-Feb-24,6,188.17,1129.02,01-Apr-24,6,156.11,936.66,-192.31,42,INE231G01010,-
ORBTEXP,Short-Term,BSE-Cash,21-Feb-24,14,188.63,2640.82,01-Apr-24,14,156.11,2185.54,-455.15,40,INE231G01010,-
ORBTEXP,Short-Term,BSE-Cash,23-Feb-24,1,189.95,189.95,01-Apr-24,1,156.11,156.11,-33.84,38,INE231G01010,-
ORBTEXP,Short-Term,BSE-Cash,27-Mar-24,1,142.5,142.5,30-May-24,1,169.95,169.95,27.45,64,INE231G01010,-
ORBTEXP,Short-Term,BSE-Cash,27-Mar-24,5,142.5,712.5,02-Apr-24,5,164.45,822.25,109.75,6,INE231G01010,-
ORBTEXP,Short-Term,NSE-Cash,30-Apr-24,3,174.92,524.76,30-May-24,3,169.95,509.85,-14.9,30,INE231G01010,-
ORBTEXP,Trading,NSE-Cash,30-Apr-24,1,174.75,174.75,30-Apr-24,1,177.25,177.25,2.5,0,INE231G01010,2.5
ORBTEXP,Trading,NSE-Cash,07-May-24,3,165.75,497.25,07-May-24,3,166.95,500.85,3.6,0,INE231G01010,3.6
ORBTEXP,Trading,NSE-Cash,15-May-24,4,166,664,15-May-24,4,167.95,671.8,7.8,0,INE231G01010,7.8
PNB,Long-Term,BSE-Cash,29-Jul-22,50,31.45,1572.5,16-May-24,50,125.25,6262.5,4690,657,INE160A01022,-
PNB,Long-Term,BSE-Cash,29-Jul-22,10,31.45,314.5,27-May-24,10,129.5,1295,980.5,668,INE160A01022,-
PNB,Long-Term,BSE-Cash,29-Jul-22,100,31.45,3145,10-May-24,100,124.65,12465,9320,651,INE160A01022,-
PNB,Long-Term,BSE-Cash,29-Jul-22,100,31.45,3145,28-Jun-24,100,124,12400,9255,700,INE160A01022,-
PNB,Trading,NSE-Cash,07-May-24,5,123.75,618.75,07-May-24,5,123.45,617.25,-1.5,0,INE160A01022,1.5
PNB,Trading,NSE-Cash,08-May-24,100,124.45,12445,08-May-24,100,124.95,12495,50,0,INE160A01022,50
PNB,Trading,NSE-Cash,09-May-24,100,125.05,12505,09-May-24,100,125.5,12550,45,0,INE160A01022,45
PNB,Trading,NSE-Cash,10-May-24,20,121,2420,10-May-24,20,122.95,2459,39,0,INE160A01022,39
PNB,Trading,NSE-Cash,15-May-24,75,125.85,9438.75,15-May-24,75,126.92,9519,80,0,INE160A01022,80
PNB,Trading,NSE-Cash,16-May-24,18,125,2250,16-May-24,18,126.07,2269.26,19.25,0,INE160A01022,19.25
PNB,Trading,NSE-Cash,17-May-24,51,125.1,6380.1,17-May-24,51,125.94,6422.94,42.9,0,INE160A01022,42.9
PNB,Trading,NSE-Cash,21-May-24,20,127,2540,21-May-24,20,127.19,2543.8,3.75,0,INE160A01022,3.75
PNB,Trading,NSE-Cash,22-May-24,45,124.82,5616.9,22-May-24,45,125.55,5649.75,32.75,0,INE160A01022,32.75
PNB,Trading,NSE-Cash,23-May-24,30,126.77,3803.1,23-May-24,30,127.12,3813.6,10.5,0,INE160A01022,10.5
PNB,Trading,NSE-Cash,24-May-24,10,126,1260,24-May-24,10,126.95,1269.5,9.5,0,INE160A01022,9.5
PNB,Trading,NSE-Cash,27-May-24,140,129.14,18079.6,27-May-24,140,129.66,18152.4,73,0,INE160A01022,73
PNB,Trading,NSE-Cash,28-May-24,10,129,1290,28-May-24,10,130.85,1308.5,18.5,0,INE160A01022,18.5
PNB,Trading,NSE-Cash,29-May-24,40,128,5120,29-May-24,40,129.3,5172,52,0,INE160A01022,52
PNB,Trading,NSE-Cash,30-May-24,10,128,1280,30-May-24,10,129.25,1292.5,12.5,0,INE160A01022,12.5
PNB,Trading,NSE-Cash,31-May-24,10,127.5,1275,31-May-24,10,128.29,1282.9,7.9,0,INE160A01022,7.9
PNB,Trading,NSE-Cash,04-Jun-24,126,129.17,16275.42,04-Jun-24,126,119.19,15017.94,-1258,0,INE160A01022,1258
PNB,Trading,NSE-Cash,05-Jun-24,150,116.5,17475,05-Jun-24,150,118.67,17800.5,325,0,INE160A01022,325
PNB,Trading,NSE-Cash,10-Jun-24,10,125.35,1253.5,10-Jun-24,10,126.3,1263,9.5,0,INE160A01022,9.5
PNB,Trading,NSE-Cash,11-Jun-24,10,126,1260,11-Jun-24,10,126.75,1267.5,7.5,0,INE160A01022,7.5
PNB,Trading,NSE-Cash,12-Jun-24,10,127.6,1276,12-Jun-24,10,127.38,1273.8,-2.25,0,INE160A01022,2.25
PNB,Trading,NSE-Cash,13-Jun-24,15,127.5,1912.5,13-Jun-24,15,127.84,1917.6,5.1,0,INE160A01022,5.1
PNB,Trading,NSE-Cash,14-Jun-24,25,129,3225,14-Jun-24,25,127.85,3196.25,-28.75,0,INE160A01022,28.75
PNB,Trading,NSE-Cash,25-Jun-24,1,124.5,124.5,25-Jun-24,1,124.25,124.25,-0.25,0,INE160A01022,0.25
PNB,Trading,NSE-Cash,28-Jun-24,250,123.2,30800,28-Jun-24,250,122.4,30600,-201.25,0,INE160A01022,201.25
POWERGRID,Trading,NSE-Cash,31-May-24,5,308,1540,31-May-24,5,308.42,1542.1,2.1,0,INE752E01010,2.1
RECLTD,Trading,NSE-Cash,31-May-24,5,548,2740,31-May-24,5,549.42,2747.1,7.1,0,INE020B01018,7.1
RELIANCE  ,Short-Term,NSE-Cash,05-Jun-24,10,2825,28250,04-Jun-24,10,2809,28090,-160,1,INE002A01018,-
RELIANCE  ,Trading,NSE-Cash,30-May-24,1,2851,2851,30-May-24,1,2859,2859,8,0,INE002A01018,8
RELIANCE  ,Trading,NSE-Cash,31-May-24,1,2861,2861,31-May-24,1,2880,2880,19,0,INE002A01018,19
RELIANCE  ,Trading,NSE-Cash,04-Jun-24,33,2862.3,94455.9,04-Jun-24,33,2800.08,92402.64,-2053.15,0,INE002A01018,2053.15
RELIANCE  ,Trading,NSE-Cash,05-Jun-24,60,2809.33,168559.8,05-Jun-24,60,2839.67,170380.2,1820,0,INE002A01018,1820
RELIANCE  ,Trading,NSE-Cash,06-Jun-24,1,2851,2851,06-Jun-24,1,2870,2870,19,0,INE002A01018,19
RELIANCE  ,Trading,NSE-Cash,12-Jun-24,30,2926.33,87789.9,12-Jun-24,30,2932.67,87980.1,190,0,INE002A01018,190
RELIANCE  ,Trading,NSE-Cash,20-Jun-24,25,2908.2,72705,20-Jun-24,25,2925,73125,420,0,INE002A01018,420
RELIANCE  ,Trading,NSE-Cash,26-Jun-24,14,3015.29,42214.06,26-Jun-24,14,2990.36,41865.04,-349,0,INE002A01018,349
RELIANCE  ,Trading,NSE-Cash,27-Jun-24,15,3054.4,45816,27-Jun-24,15,3057.33,45859.95,44,0,INE002A01018,44
RELIANCE  ,Trading,NSE-Cash,28-Jun-24,3,3145,9435,28-Jun-24,3,3089.67,9269.01,-166,0,INE002A01018,166
SAIL,Long-Term,BSE-Cash,08-Apr-22,51,109.9,5604.9,28-Jun-24,51,149.15,7606.65,2001.75,812,INE114A01011,-
SAIL,Trading,NSE-Cash,13-May-24,90,152.78,13750.2,13-May-24,90,152.95,13765.5,15.5,0,INE114A01011,15.5
SAIL,Trading,NSE-Cash,14-May-24,20,164.45,3289,14-May-24,20,163.5,3270,-19,0,INE114A01011,19
SAIL,Trading,NSE-Cash,15-May-24,100,165.85,16585,15-May-24,100,165.8,16580,-5,0,INE114A01011,5
SAIL,Trading,NSE-Cash,16-May-24,18,166,2988,16-May-24,18,168.45,3032.1,44.1,0,INE114A01011,44.1
SAIL,Trading,NSE-Cash,17-May-24,103,167.55,17257.65,17-May-24,103,166.43,17142.29,-115.65,0,INE114A01011,115.65
SAIL,Trading,NSE-Cash,21-May-24,40,171.75,6870,21-May-24,40,171.93,6877.2,7.25,0,INE114A01011,7.25
SAIL,Trading,NSE-Cash,22-May-24,150,169.44,25416,22-May-24,150,169.36,25404,-11.5,0,INE114A01011,11.5
SAIL,Trading,NSE-Cash,24-May-24,20,170.5,3410,24-May-24,20,171.7,3434,24,0,INE114A01011,24
SAIL,Trading,NSE-Cash,27-May-24,50,168.18,8409,27-May-24,50,168.52,8426,17.25,0,INE114A01011,17.25
SAIL,Trading,NSE-Cash,28-May-24,10,166,1660,28-May-24,10,168.3,1683,23,0,INE114A01011,23
SAIL,Trading,NSE-Cash,29-May-24,10,163,1630,29-May-24,10,164.5,1645,15,0,INE114A01011,15
SAIL,Trading,NSE-Cash,30-May-24,20,160,3200,30-May-24,20,160.95,3219,19,0,INE114A01011,19
SAIL,Trading,NSE-Cash,31-May-24,10,159,1590,31-May-24,10,160.76,1607.6,17.6,0,INE114A01011,17.6
SAIL,Trading,NSE-Cash,03-Jun-24,5,166.35,831.75,03-Jun-24,5,165,825,-6.75,0,INE114A01011,6.75
SAIL,Trading,NSE-Cash,04-Jun-24,1,162,162,04-Jun-24,1,140,140,-22,0,INE114A01011,22
SAIL,Trading,NSE-Cash,05-Jun-24,150,134.75,20212.5,05-Jun-24,150,138,20700,487.5,0,INE114A01011,487.5
SAIL,Trading,NSE-Cash,06-Jun-24,20,147,2940,06-Jun-24,20,148,2960,20,0,INE114A01011,20
SAIL,Trading,NSE-Cash,07-Jun-24,10,152.5,1525,07-Jun-24,10,149,1490,-35,0,INE114A01011,35
SAIL,Trading,NSE-Cash,11-Jun-24,10,151,1510,11-Jun-24,10,153,1530,20,0,INE114A01011,20
SAIL,Trading,NSE-Cash,13-Jun-24,5,151,755,13-Jun-24,5,149.7,748.5,-6.5,0,INE114A01011,6.5
SAIL,Trading,NSE-Cash,14-Jun-24,15,149.25,2238.75,14-Jun-24,15,151.33,2269.95,31.25,0,INE114A01011,31.25
SAIL,Trading,NSE-Cash,19-Jun-24,60,150.96,9057.6,19-Jun-24,60,151,9060,2.5,0,INE114A01011,2.5
SAIL,Trading,NSE-Cash,21-Jun-24,80,156.81,12544.8,21-Jun-24,80,157.09,12567.2,22.5,0,INE114A01011,22.5
SAIL,Trading,NSE-Cash,25-Jun-24,11,149,1639,25-Jun-24,11,150.75,1658.25,19.25,0,INE114A01011,19.25
SAIL,Trading,NSE-Cash,27-Jun-24,10,144,1440,27-Jun-24,10,145.5,1455,15,0,INE114A01011,15
SAIL,Trading,NSE-Cash,28-Jun-24,160,148.78,23804.8,28-Jun-24,160,147.83,23652.8,-151.65,0,INE114A01011,151.65
SHRIRAMFIN,Trading,NSE-Cash,13-Jun-24,2,2684,5368,13-Jun-24,2,2658,5316,-52,0,INE721A01047,52
SHRIRAMFIN,Trading,NSE-Cash,14-Jun-24,1,2732,2732,14-Jun-24,1,2719,2719,-13,0,INE721A01047,13
SHRIRAMFIN,Trading,NSE-Cash,26-Jun-24,1,3005,3005,26-Jun-24,1,3014,3014,9,0,INE721A01047,9
SOUTHBANK,Short-Term,BSE-Cash,26-Feb-24,1,37.05,37.05,02-Apr-24,1,27.95,27.95,-9.1,36,INE683A01023,-
SOUTHBANK,Short-Term,NSE-Cash,06-May-24,6,28,168,30-Apr-24,6,31.25,187.5,19.5,6,INE683A01023,-
SOUTHBANK,Trading,NSE-Cash,08-May-24,200,27.6,5520,08-May-24,200,27.75,5550,30,0,INE683A01023,30
SOUTHBANK,Trading,NSE-Cash,09-May-24,100,27.45,2745,09-May-24,100,27.4,2740,-5,0,INE683A01023,5
SOUTHBANK,Trading,NSE-Cash,10-May-24,50,26.85,1342.5,10-May-24,50,27.15,1357.5,15,0,INE683A01023,15
SOUTHBANK,Trading,NSE-Cash,13-May-24,60,26.95,1617,13-May-24,60,27.08,1624.8,7.5,0,INE683A01023,7.5
SOUTHBANK,Trading,NSE-Cash,15-May-24,10,27.75,277.5,15-May-24,10,28,280,2.5,0,INE683A01023,2.5
SOUTHBANK,Trading,NSE-Cash,16-May-24,3,27.7,83.1,16-May-24,3,27.92,83.76,0.65,0,INE683A01023,0.65
SOUTHBANK,Trading,NSE-Cash,17-May-24,30,27.57,827.1,17-May-24,30,27.83,834.9,8,0,INE683A01023,8
SOUTHBANK,Trading,NSE-Cash,21-May-24,10,27.85,278.5,21-May-24,10,28.2,282,3.5,0,INE683A01023,3.5
SOUTHBANK,Trading,NSE-Cash,22-May-24,30,27.9,837,22-May-24,30,28.22,846.6,9.5,0,INE683A01023,9.5
SOUTHBANK,Trading,NSE-Cash,23-May-24,10,28.05,280.5,23-May-24,10,28.3,283,2.5,0,INE683A01023,2.5
SOUTHBANK,Trading,NSE-Cash,28-May-24,60,27.48,1648.8,28-May-24,60,27.5,1650,1.5,0,INE683A01023,1.5
SOUTHBANK,Trading,NSE-Cash,29-May-24,20,27.25,545,29-May-24,20,27.1,542,-3,0,INE683A01023,3
SOUTHBANK,Trading,NSE-Cash,30-May-24,20,26.8,536,30-May-24,20,26.8,536,0,0,INE683A01023,-
SOUTHBANK,Trading,NSE-Cash,31-May-24,50,26.75,1337.5,31-May-24,50,26.92,1346,8.5,0,INE683A01023,8.5
SOUTHBANK,Trading,NSE-Cash,04-Jun-24,26,27.5,715,04-Jun-24,26,26,676,-38.9,0,INE683A01023,38.9
SOUTHBANK,Trading,NSE-Cash,07-Jun-24,100,27.6,2760,07-Jun-24,100,27.4,2740,-20,0,INE683A01023,20
SOUTHBANK,Trading,NSE-Cash,10-Jun-24,10,27.6,276,10-Jun-24,10,27.7,277,1,0,INE683A01023,1
SOUTHBANK,Trading,NSE-Cash,11-Jun-24,10,27.59,275.9,11-Jun-24,10,27.27,272.7,-3.2,0,INE683A01023,3.2
SOUTHBANK,Trading,NSE-Cash,12-Jun-24,20,27.4,548,12-Jun-24,20,27.48,549.6,1.5,0,INE683A01023,1.5
SOUTHBANK,Trading,NSE-Cash,13-Jun-24,30,27.84,835.2,13-Jun-24,30,27.86,835.8,0.6,0,INE683A01023,0.6
SOUTHBANK,Trading,NSE-Cash,20-Jun-24,150,28.45,4267.5,20-Jun-24,150,28.33,4249.5,-18.75,0,INE683A01023,18.75
SOUTHBANK,Trading,NSE-Cash,21-Jun-24,60,28.07,1684.2,21-Jun-24,60,28.65,1719,34.75,0,INE683A01023,34.75
SOUTHBANK,Trading,NSE-Cash,25-Jun-24,1,27.4,27.4,25-Jun-24,1,27.5,27.5,0.1,0,INE683A01023,0.1
SOUTHBANK,Trading,NSE-Cash,28-Jun-24,25,27,675,28-Jun-24,25,27.2,680,5,0,INE683A01023,5
TATAMOTORS,Trading,NSE-Cash,12-Jun-24,1,989,989,12-Jun-24,1,994.5,994.5,5.5,0,INE155A01022,5.5
TATASTEEL,Short-Term,BSE-Cash,29-Jan-24,10,134.15,1341.5,07-Jun-24,10,178.95,1789.5,448,130,INE081A01020,-
TATASTEEL,Trading,NSE-Cash,30-May-24,10,167,1670,30-May-24,10,167.95,1679.5,9.5,0,INE081A01020,9.5
TATASTEEL,Trading,NSE-Cash,31-May-24,10,164,1640,31-May-24,10,166.11,1661.1,21.1,0,INE081A01020,21.1
TATASTEEL,Trading,NSE-Cash,06-Jun-24,71,171.16,12152.36,06-Jun-24,71,172.35,12236.85,84.35,0,INE081A01020,84.35
TATASTEEL,Trading,NSE-Cash,07-Jun-24,10,179,1790,07-Jun-24,10,175,1750,-40,0,INE081A01020,40
TATASTEEL,Trading,NSE-Cash,10-Jun-24,10,178,1780,10-Jun-24,10,181,1810,30,0,INE081A01020,30
TATASTEEL,Trading,NSE-Cash,11-Jun-24,10,180.5,1805,11-Jun-24,10,183,1830,25,0,INE081A01020,25
TATASTEEL,Trading,NSE-Cash,12-Jun-24,5,182.4,912,12-Jun-24,5,183,915,3,0,INE081A01020,3
TATASTEEL,Trading,NSE-Cash,13-Jun-24,5,182,910,13-Jun-24,5,182.6,913,3,0,INE081A01020,3
TATASTEEL,Trading,NSE-Cash,14-Jun-24,5,181.5,907.5,14-Jun-24,5,182.5,912.5,5,0,INE081A01020,5
TATASTEEL,Trading,NSE-Cash,20-Jun-24,21,179.98,3779.58,20-Jun-24,21,181.58,3813.18,33.75,0,INE081A01020,33.75
TATASTEEL,Trading,NSE-Cash,21-Jun-24,60,179.07,10744.2,21-Jun-24,60,179.93,10795.8,52,0,INE081A01020,52
TATASTEEL,Trading,NSE-Cash,25-Jun-24,1,177,177,25-Jun-24,1,176.5,176.5,-0.5,0,INE081A01020,0.5
TATASTEEL,Trading,NSE-Cash,26-Jun-24,180,173.24,31183.2,26-Jun-24,180,172.47,31044.6,-138,0,INE081A01020,138
TATASTEEL,Trading,NSE-Cash,27-Jun-24,10,172,1720,27-Jun-24,10,174.5,1745,25,0,INE081A01020,25
TATASTEEL,Trading,NSE-Cash,28-Jun-24,60,175,10500,28-Jun-24,60,176.33,10579.8,80,0,INE081A01020,80
TCS,Short-Term,NSE-Cash,30-May-24,2,3739,7478,04-Jun-24,2,3671.36,7342.72,-135.28,5,INE467B01029,-
TCS,Trading,NSE-Cash,30-May-24,1,3761,3761,30-May-24,1,3740,3740,-21,0,INE467B01029,21
TCS,Trading,NSE-Cash,31-May-24,2,3714,7428,31-May-24,2,3687,7374,-54,0,INE467B01029,54
TCS,Trading,NSE-Cash,03-Jun-24,1,3701,3701,03-Jun-24,1,3729,3729,28,0,INE467B01029,28
TCS,Trading,NSE-Cash,04-Jun-24,1,3671,3671,04-Jun-24,1,3669.9,3669.9,-1.1,0,INE467B01029,1.1
TCS,Trading,NSE-Cash,06-Jun-24,6,3791,22746,06-Jun-24,6,3790,22740,-6,0,INE467B01029,6
TCS,Trading,NSE-Cash,07-Jun-24,1,3891,3891,07-Jun-24,1,3869,3869,-22,0,INE467B01029,22
TCS,Trading,NSE-Cash,14-Jun-24,1,3839,3839,14-Jun-24,1,3829.05,3829.05,-9.95,0,INE467B01029,9.95
TCS,Trading,NSE-Cash,21-Jun-24,24,3820.08,91681.92,21-Jun-24,24,3850.86,92420.64,738.75,0,INE467B01029,738.75
TCS,Trading,NSE-Cash,24-Jun-24,13,3836.45,49873.85,24-Jun-24,13,3844.33,49976.29,102.45,0,INE467B01029,102.45
TCS,Trading,NSE-Cash,26-Jun-24,1,3850,3850,26-Jun-24,1,3858,3858,8,0,INE467B01029,8
TCS,Trading,NSE-Cash,27-Jun-24,1,3831,3831,27-Jun-24,1,3835,3835,4,0,INE467B01029,4
TCS,Trading,NSE-Cash,28-Jun-24,1,3931,3931,28-Jun-24,1,3955,3955,24,0,INE467B01029,24
TCS,Trading,NSE-Cash,01-Jul-24,6,3981,23886,01-Jul-24,6,3960.33,23761.98,-124,0,INE467B01029,124
TECHM,Trading,NSE-Cash,28-May-24,1,1317,1317,28-May-24,1,1324,1324,7,0,INE669C01036,7
TIPSMUSIC,Short-Term,NSE-Cash,15-Apr-24,1,457,457,08-May-24,1,625,625,168,23,INE716B01029,-
TITAN     ,Trading,NSE-Cash,13-Jun-24,1,3473.5,3473.5,13-Jun-24,1,3466,3466,-7.5,0,INE280A01028,7.5
TITAN     ,Trading,NSE-Cash,14-Jun-24,1,3485,3485,14-Jun-24,1,3509,3509,24,0,INE280A01028,24
TPHQ,Short-Term,BSE-Cash,13-Feb-24,300,1.3,390,01-Apr-24,300,1.35,405,15,48,INE065J01024,-
TRENT,Short-Term,NSE-Cash,01-Jul-24,2,5511,11022,14-Jun-24,2,5194,10388,-634,17,INE849A01020,-
TRENT,Short-Term,NSE-Cash,01-Jul-24,1,5511,5511,24-Jun-24,1,5319.4,5319.4,-191.6,7,INE849A01020,-
TRENT,Trading,NSE-Cash,29-May-24,2,4666,9332,29-May-24,2,4670.5,9341,9,0,INE849A01020,9
TRENT,Trading,NSE-Cash,31-May-24,1,4655,4655,31-May-24,1,4579,4579,-76,0,INE849A01020,76
TRENT,Trading,NSE-Cash,03-Jun-24,2,4656,9312,03-Jun-24,2,4681.5,9363,51,0,INE849A01020,51
TRENT,Trading,NSE-Cash,13-Jun-24,1,5051,5051,13-Jun-24,1,5188,5188,137,0,INE849A01020,137
TRENT,Trading,NSE-Cash,14-Jun-24,9,5209,46881,14-Jun-24,9,5188.56,46697.04,-184,0,INE849A01020,184
TRENT,Trading,NSE-Cash,19-Jun-24,1,5371,5371,19-Jun-24,1,5395.8,5395.8,24.8,0,INE849A01020,24.8
TRENT,Trading,NSE-Cash,20-Jun-24,1,5351,5351,20-Jun-24,1,5399,5399,48,0,INE849A01020,48
TRENT,Trading,NSE-Cash,24-Jun-24,33,5350.73,176574.09,24-Jun-24,33,5312.91,175326.03,-1248,0,INE849A01020,1248
TRENT,Trading,NSE-Cash,25-Jun-24,5,5361.8,26809,25-Jun-24,5,5390,26950,141,0,INE849A01020,141
TRENT,Trading,NSE-Cash,26-Jun-24,2,5271,10542,26-Jun-24,2,5362,10724,182,0,INE849A01020,182
TRENT,Trading,NSE-Cash,27-Jun-24,2,5336,10672,27-Jun-24,2,5355,10710,38,0,INE849A01020,38
TRENT,Trading,NSE-Cash,28-Jun-24,3,5451,16353,28-Jun-24,3,5389.67,16169.01,-184,0,INE849A01020,184
TRENT,Trading,NSE-Cash,01-Jul-24,10,5468.1,54681,01-Jul-24,10,5432,54320,-361,0,INE849A01020,361
ULTRACEMCO,Trading,NSE-Cash,24-May-24,1,10301,10301,24-May-24,1,10349,10349,48,0,INE481G01011,48
ULTRACEMCO,Trading,NSE-Cash,26-Jun-24,3,11151,33453,26-Jun-24,3,11081,33243,-210,0,INE481G01011,210
WIPRO     ,Trading,NSE-Cash,31-May-24,6,437.46,2624.76,31-May-24,6,441,2646,21.25,0,INE075A01022,21.25
YESBANK,Trading,NSE-Cash,09-May-24,100,22.75,2275,09-May-24,100,22.8,2280,5,0,INE528G01035,5
YESBANK,Trading,NSE-Cash,10-May-24,400,22.38,8952,10-May-24,400,22.51,9004,55,0,INE528G01035,55
YESBANK,Trading,NSE-Cash,13-May-24,60,22.3,1338,13-May-24,60,22.3,1338,0,0,INE528G01035,-
YESBANK,Trading,NSE-Cash,15-May-24,10,22.55,225.5,15-May-24,10,22.75,227.5,2,0,INE528G01035,2
YESBANK,Trading,NSE-Cash,16-May-24,18,22.7,408.6,16-May-24,18,22.96,413.28,4.75,0,INE528G01035,4.75
YESBANK,Trading,NSE-Cash,17-May-24,20,22.9,458,17-May-24,20,22.75,455,-3,0,INE528G01035,3
YESBANK,Trading,NSE-Cash,21-May-24,10,23,230,21-May-24,10,23.4,234,4,0,INE528G01035,4
YESBANK,Trading,NSE-Cash,22-May-24,60,22.97,1378.2,22-May-24,60,22.98,1378.8,1,0,INE528G01035,1
YESBANK,Trading,NSE-Cash,23-May-24,30,23,690,23-May-24,30,23.18,695.4,5.5,0,INE528G01035,5.5
YESBANK,Trading,NSE-Cash,24-May-24,100,23,2300,24-May-24,100,23.15,2315,15,0,INE528G01035,15
YESBANK,Trading,NSE-Cash,27-May-24,30,23.1,693,27-May-24,30,23.25,697.5,4.5,0,INE528G01035,4.5
YESBANK,Trading,NSE-Cash,28-May-24,60,22.78,1366.8,28-May-24,60,22.78,1366.8,0,0,INE528G01035,-
YESBANK,Trading,NSE-Cash,29-May-24,20,22.6,452,29-May-24,20,22.8,456,4,0,INE528G01035,4
YESBANK,Trading,NSE-Cash,31-May-24,50,22.6,1130,31-May-24,50,22.71,1135.5,5.5,0,INE528G01035,5.5
YESBANK,Trading,NSE-Cash,04-Jun-24,1,23.25,23.25,04-Jun-24,1,21.3,21.3,-1.95,0,INE528G01035,1.95
YESBANK,Trading,NSE-Cash,05-Jun-24,1500,22.12,33180,05-Jun-24,1500,22.45,33675,500,0,INE528G01035,500
YESBANK,Trading,NSE-Cash,06-Jun-24,50,22.95,1147.5,06-Jun-24,50,22.85,1142.5,-5,0,INE528G01035,5
YESBANK,Trading,NSE-Cash,07-Jun-24,200,22.7,4540,07-Jun-24,200,23.05,4610,70,0,INE528G01035,70
YESBANK,Trading,NSE-Cash,10-Jun-24,30,23.95,718.5,10-Jun-24,30,24.08,722.4,4,0,INE528G01035,4
YESBANK,Trading,NSE-Cash,11-Jun-24,10,23.99,239.9,11-Jun-24,10,23.67,236.7,-3.2,0,INE528G01035,3.2
YESBANK,Trading,NSE-Cash,12-Jun-24,20,24.1,482,12-Jun-24,20,23.84,476.8,-5.25,0,INE528G01035,5.25
YESBANK,Trading,NSE-Cash,13-Jun-24,21,24.04,504.84,13-Jun-24,21,24.41,512.61,7.65,0,INE528G01035,7.65
YESBANK,Trading,NSE-Cash,20-Jun-24,150,24,3600,20-Jun-24,150,24.23,3634.5,33.75,0,INE528G01035,33.75
YESBANK,Trading,NSE-Cash,25-Jun-24,100,24,2400,25-Jun-24,100,24.25,2425,25,0,INE528G01035,25
YESBANK,Trading,NSE-Cash,26-Jun-24,25,23.95,598.75,26-Jun-24,25,24.15,603.75,5,0,INE528G01035,5
YESBANK,Trading,NSE-Cash,28-Jun-24,25,23.87,596.75,28-Jun-24,25,23.75,593.75,-3,0,INE528G01035,3
